,Date,sensor,value
0,06/02/21 10:11:27,Temperatura,30.413199202868192
1,06/02/21 10:11:28,Temperatura,32.635337238910886
2,06/02/21 10:11:29,Temperatura,29.147547956698926
3,06/02/21 10:11:30,Temperatura,38.02273663621196
1,06/02/21 10:11:30,Maximo,38.02273663621196
1,06/02/21 10:11:30,Minimo,29.14754795669893
1,06/02/21 10:11:30,Promedio,32.55470525867249
1,06/02/21 10:11:30,Mediana,31.52426822088954
1,06/02/21 10:11:30,Desviacion,3.3948725207815826
1,06/02/21 10:11:30,Varianza,11.525159432357897
4,06/02/21 10:11:31,Temperatura,27.488883810155876
5,06/02/21 10:11:32,Temperatura,32.517012122131604
6,06/02/21 10:11:33,Temperatura,27.721818186436483
7,06/02/21 10:11:34,Temperatura,21.605630493314948
1,06/02/21 10:11:34,Maximo,38.02273663621196
1,06/02/21 10:11:34,Minimo,21.605630493314948
1,06/02/21 10:11:34,Promedio,29.944020705841112
1,06/02/21 10:11:34,Mediana,29.78037357978356
1,06/02/21 10:11:34,Desviacion,4.4788147210710365
1,06/02/21 10:11:34,Varianza,20.059781305682623
8,06/02/21 10:11:35,Temperatura,26.56661560744603
9,06/02/21 10:11:36,Temperatura,28.86912635899787
10,06/02/21 10:11:37,Temperatura,34.1064781199714
1,06/02/21 10:11:38,Maximo,38.02273663621196
1,06/02/21 10:11:38,Minimo,21.605630493314948
1,06/02/21 10:11:38,Promedio,29.91767143028583
1,06/02/21 10:11:38,Mediana,29.14754795669893
1,06/02/21 10:11:38,Desviacion,4.159970805163122
1,06/02/21 10:11:38,Varianza,17.30535709980952
11,06/02/21 10:11:38,Temperatura,21.092494822083705
12,06/02/21 10:11:39,Temperatura,24.56426882947489
13,06/02/21 10:11:40,Temperatura,31.696331913945688
14,06/02/21 10:11:41,Temperatura,40.710223319216865
15,06/02/21 10:11:42,Temperatura,27.132045324319307
16,06/02/21 10:11:43,Temperatura,33.324210370309274
17,06/02/21 10:11:44,Temperatura,39.93515845946364
18,06/02/21 10:11:45,Temperatura,29.408368668669798
19,06/02/21 10:11:46,Temperatura,31.700105422170537
20,06/02/21 10:11:47,Temperatura,32.806168898267366
21,06/02/21 10:11:48,Temperatura,34.0564343776803
22,06/02/21 10:11:49,Temperatura,26.789509339910634
23,06/02/21 10:11:50,Temperatura,32.66555427718525
24,06/02/21 10:11:51,Temperatura,24.045097512800975
25,06/02/21 10:11:52,Temperatura,34.90661171207975
26,06/02/21 10:11:53,Temperatura,30.584698191420262
27,06/02/21 10:11:54,Temperatura,34.33128325101262
1,06/02/21 10:11:55,Maximo,40.71022331921687
1,06/02/21 10:11:55,Minimo,21.092494822083705
1,06/02/21 10:11:55,Promedio,30.672962515112683
1,06/02/21 10:11:55,Mediana,31.140515052682975
1,06/02/21 10:11:55,Desviacion,4.8026506621342815
1,06/02/21 10:11:55,Varianza,23.06545338249885
28,06/02/21 10:11:55,Temperatura,29.14310008278684
29,06/02/21 10:11:56,Temperatura,32.21496242909125
30,06/02/21 10:11:57,Temperatura,25.15143244631522
31,06/02/21 10:11:58,Temperatura,35.41459674784325
32,06/02/21 10:11:59,Temperatura,25.407463504242692
1,06/02/21 10:12:00,Maximo,40.71022331921687
1,06/02/21 10:12:00,Minimo,21.092494822083705
1,06/02/21 10:12:00,Promedio,30.490136534346497
1,06/02/21 10:12:00,Mediana,30.584698191420262
1,06/02/21 10:12:00,Desviacion,4.7037823937074
1,06/02/21 10:12:00,Varianza,22.12556880735172
33,06/02/21 10:12:00,Temperatura,28.205854151445433
34,06/02/21 10:12:01,Temperatura,36.61804881507585
35,06/02/21 10:12:02,Temperatura,25.828439380880475
1,06/02/21 10:12:02,Maximo,40.71022331921687
1,06/02/21 10:12:02,Minimo,21.092494822083705
1,06/02/21 10:12:02,Promedio,30.467412443912117
1,06/02/21 10:12:02,Mediana,30.49894869714423
1,06/02/21 10:12:02,Desviacion,4.698184803387389
1,06/02/21 10:12:02,Varianza,22.0729404467802
36,06/02/21 10:12:03,Temperatura,29.997679552576415
37,06/02/21 10:12:04,Temperatura,30.227208970047325
38,06/02/21 10:12:05,Temperatura,31.570779358817408
39,06/02/21 10:12:06,Temperatura,34.95500245608041
40,06/02/21 10:12:07,Temperatura,27.991900461509772
41,06/02/21 10:12:08,Temperatura,23.461457367411352
42,06/02/21 10:12:09,Temperatura,26.800806273065657
43,06/02/21 10:12:10,Temperatura,24.138421132453225
44,06/02/21 10:12:11,Temperatura,34.78552821073432
45,06/02/21 10:12:12,Temperatura,29.170130379785068
46,06/02/21 10:12:13,Temperatura,30.58846714008459
47,06/02/21 10:12:14,Temperatura,27.528075893541175
48,06/02/21 10:12:15,Temperatura,28.30183032574931
49,06/02/21 10:12:16,Temperatura,36.262813536115786
50,06/02/21 10:12:17,Temperatura,26.647187613898584
51,06/02/21 10:12:18,Temperatura,35.54561149676089
52,06/02/21 10:12:19,Temperatura,23.61394312013075
53,06/02/21 10:12:21,Temperatura,34.1164566654341
54,06/02/21 10:12:22,Temperatura,27.19457692912012
55,06/02/21 10:12:23,Temperatura,29.54498102588839
56,06/02/21 10:12:24,Temperatura,25.237123793602123
57,06/02/21 10:12:25,Temperatura,31.94946049007929
58,06/02/21 10:12:26,Temperatura,26.896943613132724
59,06/02/21 10:12:27,Temperatura,37.90437526352721
60,06/02/21 10:12:28,Temperatura,32.63839868000201
61,06/02/21 10:12:29,Temperatura,32.40359385122628
62,06/02/21 10:12:30,Temperatura,25.26705945657939
63,06/02/21 10:12:31,Temperatura,25.329290364593355
64,06/02/21 10:12:32,Temperatura,26.191467669709183
65,06/02/21 10:12:33,Temperatura,31.531776239949927
66,06/02/21 10:12:34,Temperatura,32.21078002577007
67,06/02/21 10:12:35,Temperatura,16.02173086696887
68,06/02/21 10:12:36,Temperatura,26.94534635401349
69,06/02/21 10:12:37,Temperatura,29.396807349296083
70,06/02/21 10:12:38,Temperatura,29.22126824136166
71,06/02/21 10:12:39,Temperatura,33.27975328666782
72,06/02/21 10:12:40,Temperatura,26.751704595347093
73,06/02/21 10:12:41,Temperatura,29.043826402696638
74,06/02/21 10:12:42,Temperatura,32.97318812160136
75,06/02/21 10:12:43,Temperatura,33.16203882471485
76,06/02/21 10:12:44,Temperatura,32.67690011590489
77,06/02/21 10:12:45,Temperatura,39.44454590148507
78,06/02/21 10:12:46,Temperatura,28.501636114638536
79,06/02/21 10:12:47,Temperatura,30.152116185463413
80,06/02/21 10:12:48,Temperatura,37.7371730064236
81,06/02/21 10:12:49,Temperatura,25.4337115472262
82,06/02/21 10:12:50,Temperatura,37.02757955818181
83,06/02/21 10:12:51,Temperatura,13.374698353869704
84,06/02/21 10:12:52,Temperatura,28.444277742616357
85,06/02/21 10:12:53,Temperatura,34.19805270157833
86,06/02/21 10:12:54,Temperatura,29.447948756896913
87,06/02/21 10:12:55,Temperatura,30.691997548592635
88,06/02/21 10:12:56,Temperatura,30.478017433357977
89,06/02/21 10:12:57,Temperatura,33.82459501961368
90,06/02/21 10:12:58,Temperatura,38.72303898460596
91,06/02/21 10:12:59,Temperatura,26.119989158227572
92,06/02/21 10:13:00,Temperatura,20.411508916339848
93,06/02/21 10:13:01,Temperatura,23.66933050910123
94,06/02/21 10:13:02,Temperatura,24.41904508333046
95,06/02/21 10:13:03,Temperatura,26.31819448092046
96,06/02/21 10:13:04,Temperatura,29.67640385534245
97,06/02/21 10:13:05,Temperatura,31.540364640049166
98,06/02/21 10:13:06,Temperatura,21.214719628544103
99,06/02/21 10:13:07,Temperatura,38.29708650885621
100,06/02/21 10:13:08,Temperatura,39.24741505705678
101,06/02/21 10:13:09,Temperatura,31.742122057180172
102,06/02/21 10:13:10,Temperatura,33.736999306146465
103,06/02/21 10:13:11,Temperatura,44.36116255835831
104,06/02/21 10:13:12,Temperatura,38.91834764157529
105,06/02/21 10:13:13,Temperatura,24.17610704692858
106,06/02/21 10:13:14,Temperatura,29.943918735855597
107,06/02/21 10:13:15,Temperatura,31.264180990208654
108,06/02/21 10:13:16,Temperatura,27.349669278067026
109,06/02/21 10:13:17,Temperatura,30.34476230223897
110,06/02/21 10:13:18,Temperatura,23.828590721429684
111,06/02/21 10:13:19,Temperatura,27.324574228682778
112,06/02/21 10:13:20,Temperatura,31.467976153984836
113,06/02/21 10:13:21,Temperatura,42.272567026686126
114,06/02/21 10:13:22,Temperatura,38.80709718822904
115,06/02/21 10:13:23,Temperatura,32.35843352082201
116,06/02/21 10:13:24,Temperatura,38.77904309507045
117,06/02/21 10:13:25,Temperatura,33.93986301441316
118,06/02/21 10:13:27,Temperatura,32.15212819664354
119,06/02/21 10:13:28,Temperatura,38.02909749126201
120,06/02/21 10:13:29,Temperatura,20.854599153645303
121,06/02/21 10:13:30,Temperatura,41.7709595503141
122,06/02/21 10:13:31,Temperatura,27.36985762290471
123,06/02/21 10:13:32,Temperatura,31.926490032508624
124,06/02/21 10:13:33,Temperatura,23.286829293140674
125,06/02/21 10:13:34,Temperatura,17.054210377721784
126,06/02/21 10:13:35,Temperatura,21.99814036365023
127,06/02/21 10:13:36,Temperatura,30.90662693770244
128,06/02/21 10:13:37,Temperatura,32.6991664608219
129,06/02/21 10:13:38,Temperatura,26.030973179093404
130,06/02/21 10:13:39,Temperatura,34.34435391724997
131,06/02/21 10:13:40,Temperatura,26.002968314662205
132,06/02/21 10:13:41,Temperatura,26.468688232391678
133,06/02/21 10:13:42,Temperatura,30.294565082980327
134,06/02/21 10:13:43,Temperatura,17.517481610869943
135,06/02/21 10:13:44,Temperatura,24.071136691925666
136,06/02/21 10:13:45,Temperatura,29.91590463985843
137,06/02/21 10:13:46,Temperatura,29.164255875042027
138,06/02/21 10:13:47,Temperatura,25.232259061359912
139,06/02/21 10:13:48,Temperatura,22.39872774058751
140,06/02/21 10:13:49,Temperatura,31.189139739990804
1,06/02/21 10:13:50,Maximo,44.36116255835831
1,06/02/21 10:13:50,Minimo,13.374698353869704
1,06/02/21 10:13:50,Promedio,29.971560004406438
1,06/02/21 10:13:50,Mediana,29.99767955257641
141,06/02/21 10:13:50,Temperatura,29.7958242816746
1,06/02/21 10:13:50,Desviacion,5.464372501787567
1,06/02/21 10:13:50,Varianza,29.859366838292114
142,06/02/21 10:13:51,Temperatura,25.405200246033868
143,06/02/21 10:13:52,Temperatura,32.364103769129706
144,06/02/21 10:13:53,Temperatura,18.063197317142276
145,06/02/21 10:13:54,Temperatura,22.06656913508715
146,06/02/21 10:13:55,Temperatura,23.12109483274119
147,06/02/21 10:13:56,Temperatura,31.882151211019217
148,06/02/21 10:13:57,Temperatura,26.553694818915936
149,06/02/21 10:13:58,Temperatura,25.79110932791858
150,06/02/21 10:13:59,Temperatura,32.023050936461466
151,06/02/21 10:14:00,Temperatura,31.03552731706119
152,06/02/21 10:14:01,Temperatura,36.9281669985602
153,06/02/21 10:14:02,Temperatura,26.864786833672717
154,06/02/21 10:14:03,Temperatura,37.654542149425
155,06/02/21 10:14:04,Temperatura,27.47390072274294
156,06/02/21 10:14:05,Temperatura,33.30639951007689
157,06/02/21 10:14:06,Temperatura,33.1454692080375
158,06/02/21 10:14:07,Temperatura,37.720880844785825
159,06/02/21 10:14:08,Temperatura,43.5252904881215
160,06/02/21 10:14:09,Temperatura,29.432492938611173
161,06/02/21 10:14:10,Temperatura,29.613859849947715
162,06/02/21 10:14:11,Temperatura,32.31700209216987
163,06/02/21 10:14:12,Temperatura,28.71839083867887
164,06/02/21 10:14:13,Temperatura,36.50739078440064
165,06/02/21 10:14:14,Temperatura,33.65416007577614
166,06/02/21 10:14:15,Temperatura,23.442973895405387
167,06/02/21 10:14:16,Temperatura,20.74311451053027
168,06/02/21 10:14:17,Temperatura,40.46034781327995
169,06/02/21 10:14:18,Temperatura,24.066703775970183
170,06/02/21 10:14:19,Temperatura,27.841859576665602
171,06/02/21 10:14:20,Temperatura,32.670725300264465
172,06/02/21 10:14:21,Temperatura,28.660366935693016
173,06/02/21 10:14:22,Temperatura,35.93981636648164
174,06/02/21 10:14:23,Temperatura,33.94381289760769
175,06/02/21 10:14:25,Temperatura,35.54170157921011
176,06/02/21 10:14:26,Temperatura,26.188015497885694
177,06/02/21 10:14:27,Temperatura,27.49271254180214
178,06/02/21 10:14:28,Temperatura,27.38830521639589
179,06/02/21 10:14:29,Temperatura,26.503945208467027
180,06/02/21 10:14:30,Temperatura,30.732792991073676
181,06/02/21 10:14:31,Temperatura,36.6474141929295
182,06/02/21 10:14:32,Temperatura,31.976231389465315
183,06/02/21 10:14:33,Temperatura,18.619883213560392
184,06/02/21 10:14:34,Temperatura,21.76630119208611
185,06/02/21 10:14:35,Temperatura,24.685386444066253
186,06/02/21 10:14:36,Temperatura,30.38679890683616
187,06/02/21 10:14:37,Temperatura,40.09144116402709
188,06/02/21 10:14:38,Temperatura,29.75473118124082
189,06/02/21 10:14:39,Temperatura,29.248920413890417
190,06/02/21 10:14:40,Temperatura,24.00024747340243
191,06/02/21 10:14:41,Temperatura,39.40358671256134
192,06/02/21 10:14:42,Temperatura,32.184878762165255
193,06/02/21 10:14:43,Temperatura,37.782856487512475
194,06/02/21 10:14:44,Temperatura,27.812793003795544
195,06/02/21 10:14:45,Temperatura,26.370512969024126
196,06/02/21 10:14:46,Temperatura,30.28058505303548
197,06/02/21 10:14:47,Temperatura,33.33313870454257
198,06/02/21 10:14:48,Temperatura,42.45653726764887
199,06/02/21 10:14:49,Temperatura,30.832826326474734
200,06/02/21 10:14:50,Temperatura,19.230379803198655
201,06/02/21 10:14:51,Temperatura,22.926149475316013
202,06/02/21 10:14:52,Temperatura,28.24702772177377
203,06/02/21 10:14:53,Temperatura,27.368931659765472
204,06/02/21 10:14:54,Temperatura,35.691491437464705
205,06/02/21 10:14:55,Temperatura,27.86658883256712
206,06/02/21 10:14:56,Temperatura,22.165393108471584
207,06/02/21 10:14:57,Temperatura,28.653895881717705
208,06/02/21 10:14:58,Temperatura,24.424484042565997
209,06/02/21 10:14:59,Temperatura,25.991720344927387
210,06/02/21 10:15:00,Temperatura,30.954417527495014
211,06/02/21 10:15:01,Temperatura,39.37591847846999
212,06/02/21 10:15:02,Temperatura,27.153945482598058
213,06/02/21 10:15:03,Temperatura,30.44611751498184
214,06/02/21 10:15:04,Temperatura,25.072957215538743
215,06/02/21 10:15:05,Temperatura,26.45008557423197
216,06/02/21 10:15:06,Temperatura,23.487904659833482
217,06/02/21 10:15:07,Temperatura,23.851409837353156
218,06/02/21 10:15:08,Temperatura,32.652528357089224
219,06/02/21 10:15:09,Temperatura,27.24009819041249
220,06/02/21 10:15:10,Temperatura,29.476835261290137
221,06/02/21 10:15:11,Temperatura,36.31077266392642
222,06/02/21 10:15:12,Temperatura,28.839393804679307
223,06/02/21 10:15:13,Temperatura,32.50361309622079
224,06/02/21 10:15:14,Temperatura,24.406532248946498
225,06/02/21 10:15:15,Temperatura,34.32226375703209
226,06/02/21 10:15:16,Temperatura,37.316523436921806
227,06/02/21 10:15:17,Temperatura,32.72394924540982
228,06/02/21 10:15:18,Temperatura,32.82980757972008
229,06/02/21 10:15:19,Temperatura,24.641911586225955
230,06/02/21 10:15:20,Temperatura,28.467314589930705
231,06/02/21 10:15:22,Temperatura,31.77415919742096
232,06/02/21 10:15:23,Temperatura,31.858588641804733
233,06/02/21 10:15:24,Temperatura,27.579824135175894
234,06/02/21 10:15:25,Temperatura,29.480053872714567
235,06/02/21 10:15:26,Temperatura,36.669784953575935
236,06/02/21 10:15:27,Temperatura,20.55181174410807
237,06/02/21 10:15:28,Temperatura,25.781247726143036
238,06/02/21 10:15:29,Temperatura,21.989958127340806
239,06/02/21 10:15:30,Temperatura,26.62755888551963
240,06/02/21 10:15:31,Temperatura,32.80549061482844
241,06/02/21 10:15:32,Temperatura,34.038315736067304
242,06/02/21 10:15:33,Temperatura,33.48327914961191
243,06/02/21 10:15:34,Temperatura,30.49177360151904
244,06/02/21 10:15:35,Temperatura,33.739253666254506
245,06/02/21 10:15:36,Temperatura,26.28639192153145
246,06/02/21 10:15:37,Temperatura,25.606278935178533
247,06/02/21 10:15:38,Temperatura,36.76320272149006
248,06/02/21 10:15:39,Temperatura,35.986050996340914
249,06/02/21 10:15:40,Temperatura,25.71115876537781
250,06/02/21 10:15:41,Temperatura,36.700669496204284
251,06/02/21 10:15:42,Temperatura,29.033593940824918
252,06/02/21 10:15:43,Temperatura,23.7850102986471
253,06/02/21 10:15:44,Temperatura,19.955260648581923
254,06/02/21 10:15:45,Temperatura,29.659962538465095
255,06/02/21 10:15:46,Temperatura,23.821987227112658
256,06/02/21 10:15:47,Temperatura,29.31038984267649
1,06/02/21 10:15:47,Maximo,44.36116255835831
1,06/02/21 10:15:47,Minimo,13.374698353869704
1,06/02/21 10:15:47,Promedio,29.847423742860272
1,06/02/21 10:15:47,Mediana,29.65996253846509
1,06/02/21 10:15:47,Desviacion,5.412447527826635
1,06/02/21 10:15:47,Varianza,29.294588241476653
257,06/02/21 10:15:48,Temperatura,28.512930648897886
1,06/02/21 10:15:49,Maximo,44.36116255835831
1,06/02/21 10:15:49,Minimo,13.374698353869704
258,06/02/21 10:15:49,Temperatura,18.439752974291842
1,06/02/21 10:15:49,Promedio,29.842251289007702
1,06/02/21 10:15:49,Mediana,29.636911194206405
1,06/02/21 10:15:49,Desviacion,5.402584490359984
1,06/02/21 10:15:49,Varianza,29.187919175478246
259,06/02/21 10:15:50,Temperatura,38.00730579068641
260,06/02/21 10:15:51,Temperatura,35.03175464484168
261,06/02/21 10:15:52,Temperatura,39.965793145657
1,06/02/21 10:15:52,Maximo,44.36116255835831
1,06/02/21 10:15:52,Minimo,13.374698353869704
1,06/02/21 10:15:52,Promedio,29.888341370684977
1,06/02/21 10:15:52,Mediana,29.66818319690377
1,06/02/21 10:15:52,Desviacion,5.47584170721712
1,06/02/21 10:15:52,Varianza,29.984842402498508
262,06/02/21 10:15:53,Temperatura,28.681061671735094
263,06/02/21 10:15:54,Temperatura,32.486130235094194
1,06/02/21 10:15:55,Maximo,44.36116255835831
1,06/02/21 10:15:55,Minimo,13.374698353869704
1,06/02/21 10:15:55,Promedio,29.893608450857176
1,06/02/21 10:15:55,Mediana,29.66818319690377
1,06/02/21 10:15:55,Desviacion,5.457906211643976
1,06/02/21 10:15:55,Varianza,29.788740215101893
264,06/02/21 10:15:55,Temperatura,31.01306249788282
265,06/02/21 10:15:56,Temperatura,25.23833999405084
1,06/02/21 10:15:57,Maximo,44.36116255835831
1,06/02/21 10:15:57,Minimo,13.374698353869704
1,06/02/21 10:15:57,Promedio,29.880315915482058
1,06/02/21 10:15:57,Mediana,29.66818319690377
1,06/02/21 10:15:57,Desviacion,5.445252163364039
1,06/02/21 10:15:57,Varianza,29.650771122620743
266,06/02/21 10:15:57,Temperatura,36.90502182817545
267,06/02/21 10:15:58,Temperatura,21.45808163199265
268,06/02/21 10:15:59,Temperatura,34.60878727476043
1,06/02/21 10:16:00,Maximo,44.36116255835831
1,06/02/21 10:16:00,Minimo,13.374698353869704
1,06/02/21 10:16:00,Promedio,29.892698603171585
1,06/02/21 10:16:00,Mediana,29.67640385534245
1,06/02/21 10:16:00,Desviacion,5.463533327602927
1,06/02/21 10:16:00,Varianza,29.850196421827913
269,06/02/21 10:16:00,Temperatura,22.61227627439076
270,06/02/21 10:16:01,Temperatura,37.39068813836413
271,06/02/21 10:16:02,Temperatura,39.65439367128844
1,06/02/21 10:16:03,Maximo,44.36116255835831
1,06/02/21 10:16:03,Minimo,13.374698353869704
1,06/02/21 10:16:03,Promedio,29.929387067416172
1,06/02/21 10:16:03,Mediana,29.715567518291635
1,06/02/21 10:16:03,Desviacion,5.501955468092928
1,06/02/21 10:16:03,Varianza,30.27151397287767
272,06/02/21 10:16:03,Temperatura,26.1297927473879
273,06/02/21 10:16:04,Temperatura,26.767183985499468
274,06/02/21 10:16:05,Temperatura,26.156158936067584
275,06/02/21 10:16:06,Temperatura,34.66096743554262
276,06/02/21 10:16:07,Temperatura,23.39145019655126
277,06/02/21 10:16:08,Temperatura,30.59343982538639
278,06/02/21 10:16:09,Temperatura,29.760751483839858
1,06/02/21 10:16:10,Maximo,44.36116255835831
1,06/02/21 10:16:10,Minimo,13.374698353869704
1,06/02/21 10:16:10,Promedio,29.88621156611998
1,06/02/21 10:16:10,Mediana,29.67640385534245
1,06/02/21 10:16:10,Desviacion,5.466616601279848
1,06/02/21 10:16:10,Varianza,29.88389706538844
279,06/02/21 10:16:10,Temperatura,24.133108993338972
280,06/02/21 10:16:11,Temperatura,33.79132737484021
281,06/02/21 10:16:12,Temperatura,39.554682679108495
282,06/02/21 10:16:13,Temperatura,22.492819201210438
283,06/02/21 10:16:14,Temperatura,31.154723202537827
284,06/02/21 10:16:15,Temperatura,26.742227321354196
285,06/02/21 10:16:16,Temperatura,33.55376809817419
286,06/02/21 10:16:17,Temperatura,34.691745973701565
287,06/02/21 10:16:18,Temperatura,36.12478428691964
288,06/02/21 10:16:19,Temperatura,32.337784818966824
289,06/02/21 10:16:20,Temperatura,32.27616373303669
290,06/02/21 10:16:21,Temperatura,33.380745283021476
291,06/02/21 10:16:22,Temperatura,29.52476989262952
292,06/02/21 10:16:23,Temperatura,40.22915728744549
293,06/02/21 10:16:24,Temperatura,31.434550768746558
294,06/02/21 10:16:25,Temperatura,30.736678545668127
295,06/02/21 10:16:26,Temperatura,33.246239639927374
296,06/02/21 10:16:27,Temperatura,36.36535311394563
297,06/02/21 10:16:29,Temperatura,34.7199341983
298,06/02/21 10:16:30,Temperatura,29.94816275102134
299,06/02/21 10:16:31,Temperatura,23.170035932088123
300,06/02/21 10:16:32,Temperatura,25.739491826134753
301,06/02/21 10:16:33,Temperatura,29.3682219821886
302,06/02/21 10:16:34,Temperatura,30.196653790990474
303,06/02/21 10:16:35,Temperatura,28.421413552851124
304,06/02/21 10:16:36,Temperatura,27.25078344085887
305,06/02/21 10:16:37,Temperatura,27.85264290285693
306,06/02/21 10:16:38,Temperatura,28.87585090585513
307,06/02/21 10:16:39,Temperatura,29.79588522158912
308,06/02/21 10:16:40,Temperatura,28.740968440364153
309,06/02/21 10:16:41,Temperatura,24.381421240804414
310,06/02/21 10:16:42,Temperatura,33.166298847523656
311,06/02/21 10:16:43,Temperatura,31.590724717136336
312,06/02/21 10:16:44,Temperatura,34.14679310965378
313,06/02/21 10:16:45,Temperatura,20.917132142423412
314,06/02/21 10:16:46,Temperatura,32.16010048310357
315,06/02/21 10:16:47,Temperatura,33.13738854447992
316,06/02/21 10:16:48,Temperatura,30.305956020110077
317,06/02/21 10:16:49,Temperatura,26.446246550622835
318,06/02/21 10:16:50,Temperatura,32.00969729132364
319,06/02/21 10:16:51,Temperatura,25.00811407211513
320,06/02/21 10:16:52,Temperatura,30.166947051013747
321,06/02/21 10:16:53,Temperatura,30.86149062529932
322,06/02/21 10:16:54,Temperatura,23.859774157363695
323,06/02/21 10:16:55,Temperatura,28.74521489854123
324,06/02/21 10:16:56,Temperatura,28.483734532352557
325,06/02/21 10:16:57,Temperatura,27.87585919658135
326,06/02/21 10:16:58,Temperatura,27.87441078299281
327,06/02/21 10:16:59,Temperatura,27.100348333593264
328,06/02/21 10:17:00,Temperatura,37.55676285244179
329,06/02/21 10:17:01,Temperatura,32.71503527537975
330,06/02/21 10:17:02,Temperatura,30.284905690387895
331,06/02/21 10:17:03,Temperatura,33.12772742772507
332,06/02/21 10:17:04,Temperatura,25.482007020526876
333,06/02/21 10:17:05,Temperatura,32.82262741743283
334,06/02/21 10:17:06,Temperatura,37.49021066017882
335,06/02/21 10:17:07,Temperatura,25.37580341526749
336,06/02/21 10:17:08,Temperatura,26.24395102262203
337,06/02/21 10:17:09,Temperatura,23.401300847555206
338,06/02/21 10:17:10,Temperatura,33.5966549126968
339,06/02/21 10:17:11,Temperatura,29.205227773459914
340,06/02/21 10:17:12,Temperatura,28.327806510358425
341,06/02/21 10:17:13,Temperatura,25.063770520365765
342,06/02/21 10:17:14,Temperatura,22.65257001695616
343,06/02/21 10:17:15,Temperatura,27.59182565094022
344,06/02/21 10:17:16,Temperatura,30.63751346684646
345,06/02/21 10:17:17,Temperatura,28.56754483133275
346,06/02/21 10:17:18,Temperatura,23.637915072492618
347,06/02/21 10:17:19,Temperatura,30.952594571577357
348,06/02/21 10:17:20,Temperatura,25.39326109838236
349,06/02/21 10:17:21,Temperatura,28.24515533013593
350,06/02/21 10:17:22,Temperatura,38.97899803897665
351,06/02/21 10:17:23,Temperatura,26.096965552587562
352,06/02/21 10:17:24,Temperatura,31.542348497813425
353,06/02/21 10:17:25,Temperatura,22.379292681561385
354,06/02/21 10:17:26,Temperatura,22.09082159637166
355,06/02/21 10:17:27,Temperatura,30.111600241074278
356,06/02/21 10:17:28,Temperatura,28.193704309901932
357,06/02/21 10:17:29,Temperatura,33.71439227493519
358,06/02/21 10:17:30,Temperatura,37.37904682508665
359,06/02/21 10:17:31,Temperatura,33.18362574331891
360,06/02/21 10:17:32,Temperatura,27.31966070069358
361,06/02/21 10:17:33,Temperatura,28.22151995187537
362,06/02/21 10:17:34,Temperatura,32.0430485796999
363,06/02/21 10:17:35,Temperatura,39.62951847484568
364,06/02/21 10:17:36,Temperatura,35.526228428287496
365,06/02/21 10:17:37,Temperatura,25.30867744808716
366,06/02/21 10:17:38,Temperatura,37.18965639263559
367,06/02/21 10:17:39,Temperatura,27.72541375496833
368,06/02/21 10:17:41,Temperatura,35.11035350544327
369,06/02/21 10:17:42,Temperatura,30.048214466522467
370,06/02/21 10:17:43,Temperatura,20.170513080001157
371,06/02/21 10:17:44,Temperatura,41.77091061233861
372,06/02/21 10:17:45,Temperatura,27.170167245121448
373,06/02/21 10:17:46,Temperatura,29.90902515815178
374,06/02/21 10:17:47,Temperatura,30.451751645763856
375,06/02/21 10:17:48,Temperatura,38.93854771802252
376,06/02/21 10:17:49,Temperatura,35.00715247370234
377,06/02/21 10:17:50,Temperatura,32.659589249919854
378,06/02/21 10:17:51,Temperatura,26.459484074595835
379,06/02/21 10:17:52,Temperatura,26.176306351962225
380,06/02/21 10:17:53,Temperatura,32.92617436156153
381,06/02/21 10:17:54,Temperatura,25.799119613247292
382,06/02/21 10:17:55,Temperatura,36.339590749788854
383,06/02/21 10:17:56,Temperatura,31.80368848669409
384,06/02/21 10:17:57,Temperatura,29.06582123598588
385,06/02/21 10:17:58,Temperatura,32.12173949917702
386,06/02/21 10:17:59,Temperatura,22.757351240556204
387,06/02/21 10:18:00,Temperatura,33.715020274038665
388,06/02/21 10:18:01,Temperatura,31.849268630806677
389,06/02/21 10:18:02,Temperatura,27.19703691195262
390,06/02/21 10:18:03,Temperatura,33.66880876627406
391,06/02/21 10:18:04,Temperatura,21.708152969357347
392,06/02/21 10:18:05,Temperatura,26.03955759028171
393,06/02/21 10:18:06,Temperatura,32.15584120589162
394,06/02/21 10:18:07,Temperatura,38.67276039223354
395,06/02/21 10:18:08,Temperatura,23.675024702142117
396,06/02/21 10:18:09,Temperatura,26.75125693588467
397,06/02/21 10:18:10,Temperatura,31.405176333273882
398,06/02/21 10:18:11,Temperatura,37.206493715731405
399,06/02/21 10:18:12,Temperatura,14.931358125660141
400,06/02/21 10:18:13,Temperatura,36.379982166900206
401,06/02/21 10:18:14,Temperatura,28.79039483825042
402,06/02/21 10:18:15,Temperatura,30.99071185515816
403,06/02/21 10:18:16,Temperatura,21.767960826724256
404,06/02/21 10:18:17,Temperatura,32.96488579677885
405,06/02/21 10:18:18,Temperatura,37.753038358945396
406,06/02/21 10:18:19,Temperatura,29.97448332417333
407,06/02/21 10:18:20,Temperatura,21.38758700459425
408,06/02/21 10:18:21,Temperatura,31.192171211726542
409,06/02/21 10:18:22,Temperatura,30.88235899463146
410,06/02/21 10:18:23,Temperatura,31.881963148727962
411,06/02/21 10:18:24,Temperatura,26.289254196551227
412,06/02/21 10:18:25,Temperatura,29.688972132630692
413,06/02/21 10:18:26,Temperatura,31.282441645441804
414,06/02/21 10:18:27,Temperatura,21.31574078075418
415,06/02/21 10:18:28,Temperatura,22.626411602849423
416,06/02/21 10:18:29,Temperatura,29.172190818674768
417,06/02/21 10:18:30,Temperatura,28.951627324230767
418,06/02/21 10:18:31,Temperatura,31.66623314933347
419,06/02/21 10:18:32,Temperatura,32.20903104266404
420,06/02/21 10:18:33,Temperatura,29.32846364543676
421,06/02/21 10:18:34,Temperatura,30.183837191467546
422,06/02/21 10:18:35,Temperatura,35.090986304950704
423,06/02/21 10:18:36,Temperatura,32.7520146951592
424,06/02/21 10:18:37,Temperatura,37.008814334561585
425,06/02/21 10:18:38,Temperatura,28.892850929047306
426,06/02/21 10:18:39,Temperatura,27.691879610475137
427,06/02/21 10:18:40,Temperatura,32.13850301327474
428,06/02/21 10:18:41,Temperatura,20.71461014479894
429,06/02/21 10:18:42,Temperatura,29.500558868944125
430,06/02/21 10:18:43,Temperatura,24.49794222330246
431,06/02/21 10:18:44,Temperatura,38.730870774481815
432,06/02/21 10:18:45,Temperatura,30.92925167088657
433,06/02/21 10:18:46,Temperatura,31.97734982713502
434,06/02/21 10:18:48,Temperatura,30.337379679259257
435,06/02/21 10:18:49,Temperatura,16.054714935622698
436,06/02/21 10:18:50,Temperatura,29.747299594408723
437,06/02/21 10:18:51,Temperatura,35.63058587411426
438,06/02/21 10:18:52,Temperatura,25.050156547952987
439,06/02/21 10:18:53,Temperatura,23.245945934109034
440,06/02/21 10:18:54,Temperatura,44.65753104813636
441,06/02/21 10:18:55,Temperatura,29.024111020342104
442,06/02/21 10:18:56,Temperatura,28.576111204301018
443,06/02/21 10:18:57,Temperatura,32.017779616207676
444,06/02/21 10:18:58,Temperatura,22.859504459241148
445,06/02/21 10:18:59,Temperatura,38.99456338519407
446,06/02/21 10:19:00,Temperatura,27.581740836149688
447,06/02/21 10:19:01,Temperatura,29.040460831358303
448,06/02/21 10:19:02,Temperatura,30.780535531426064
449,06/02/21 10:19:03,Temperatura,27.120261709348693
450,06/02/21 10:19:04,Temperatura,37.07926530520988
451,06/02/21 10:19:05,Temperatura,34.37035385351178
452,06/02/21 10:19:06,Temperatura,39.51126245081488
453,06/02/21 10:19:07,Temperatura,34.00430515895661
454,06/02/21 10:19:08,Temperatura,22.517102410696225
455,06/02/21 10:19:09,Temperatura,24.84009124933135
456,06/02/21 10:19:10,Temperatura,34.63205329641644
457,06/02/21 10:19:11,Temperatura,24.663617528381344
458,06/02/21 10:19:12,Temperatura,36.275616894354165
459,06/02/21 10:19:13,Temperatura,27.273366043371446
460,06/02/21 10:19:14,Temperatura,26.088366028551768
461,06/02/21 10:19:15,Temperatura,25.894170739816552
462,06/02/21 10:19:16,Temperatura,21.263686079958987
463,06/02/21 10:19:17,Temperatura,31.79077860703297
464,06/02/21 10:19:18,Temperatura,29.799499312267542
465,06/02/21 10:19:19,Temperatura,28.580664139517975
466,06/02/21 10:19:20,Temperatura,27.844440661819014
467,06/02/21 10:19:21,Temperatura,31.04862406331853
468,06/02/21 10:19:22,Temperatura,34.43201276057941
469,06/02/21 10:19:23,Temperatura,26.027648138264578
470,06/02/21 10:19:24,Temperatura,31.978413273225513
471,06/02/21 10:19:25,Temperatura,31.80959924840116
472,06/02/21 10:19:26,Temperatura,27.363324208552008
473,06/02/21 10:19:27,Temperatura,32.45732296469491
474,06/02/21 10:19:28,Temperatura,23.823401528921103
475,06/02/21 10:19:29,Temperatura,32.22081812793114
476,06/02/21 10:19:30,Temperatura,25.70061625604849
477,06/02/21 10:19:31,Temperatura,29.620935409827993
478,06/02/21 10:19:32,Temperatura,34.37011455231596
479,06/02/21 10:19:33,Temperatura,21.75524029664028
480,06/02/21 10:19:34,Temperatura,41.80896503342986
481,06/02/21 10:19:35,Temperatura,27.3896151716965
482,06/02/21 10:19:36,Temperatura,32.475591628059476
483,06/02/21 10:19:37,Temperatura,32.44789753008399
484,06/02/21 10:19:38,Temperatura,28.192062504359384
485,06/02/21 10:19:39,Temperatura,30.296646761688834
486,06/02/21 10:19:40,Temperatura,27.04716438476385
487,06/02/21 10:19:41,Temperatura,32.046178924231214
488,06/02/21 10:19:42,Temperatura,25.63877433240708
489,06/02/21 10:19:43,Temperatura,22.994986728559752
490,06/02/21 10:19:44,Temperatura,35.52767411916719
491,06/02/21 10:19:45,Temperatura,26.854284080750155
492,06/02/21 10:19:46,Temperatura,37.30393261459567
493,06/02/21 10:19:47,Temperatura,26.864972326488164
494,06/02/21 10:19:48,Temperatura,31.45735477525114
495,06/02/21 10:19:49,Temperatura,29.031989569774833
496,06/02/21 10:19:50,Temperatura,25.190964268118975
497,06/02/21 10:19:51,Temperatura,31.504654569016985
498,06/02/21 10:19:52,Temperatura,21.725423454912818
499,06/02/21 10:19:53,Temperatura,35.30766331649676
500,06/02/21 10:19:54,Temperatura,29.670053446882175
501,06/02/21 10:19:56,Temperatura,30.11318202885572
502,06/02/21 10:19:57,Temperatura,29.400309028923544
503,06/02/21 10:19:58,Temperatura,37.94572867837244
504,06/02/21 10:19:59,Temperatura,25.8116609240901
505,06/02/21 10:20:00,Temperatura,28.90187787186585
506,06/02/21 10:20:01,Temperatura,39.698490925046364
507,06/02/21 10:20:02,Temperatura,34.63122625856215
508,06/02/21 10:20:03,Temperatura,32.849926500374664
509,06/02/21 10:20:04,Temperatura,26.067072426343692
510,06/02/21 10:20:05,Temperatura,22.721651910195746
511,06/02/21 10:20:06,Temperatura,33.48883683134711
512,06/02/21 10:20:07,Temperatura,32.15153033887732
513,06/02/21 10:20:08,Temperatura,28.519977742933612
514,06/02/21 10:20:09,Temperatura,32.47604372291372
515,06/02/21 10:20:10,Temperatura,24.85859128493211
516,06/02/21 10:20:11,Temperatura,25.09417818585964
517,06/02/21 10:20:12,Temperatura,29.42564207616283
518,06/02/21 10:20:13,Temperatura,30.36703032328115
519,06/02/21 10:20:14,Temperatura,23.521598724574076
520,06/02/21 10:20:15,Temperatura,24.297382177238838
521,06/02/21 10:20:16,Temperatura,28.04002480247357
522,06/02/21 10:20:17,Temperatura,29.589685462569335
523,06/02/21 10:20:18,Temperatura,32.117184588674384
524,06/02/21 10:20:19,Temperatura,42.72832316874119
525,06/02/21 10:20:20,Temperatura,33.012671308535964
526,06/02/21 10:20:21,Temperatura,29.72308638627985
527,06/02/21 10:20:22,Temperatura,29.512310961975455
528,06/02/21 10:20:23,Temperatura,32.39786091785429
529,06/02/21 10:20:24,Temperatura,31.271721319371405
530,06/02/21 10:20:25,Temperatura,23.377017034372344
531,06/02/21 10:20:26,Temperatura,27.04697613098576
532,06/02/21 10:20:27,Temperatura,28.479777177872258
533,06/02/21 10:20:28,Temperatura,37.97859960094846
534,06/02/21 10:20:29,Temperatura,24.09521310736302
535,06/02/21 10:20:30,Temperatura,33.23460532628686
536,06/02/21 10:20:31,Temperatura,35.22765129037836
537,06/02/21 10:20:32,Temperatura,37.03020416186486
538,06/02/21 10:20:33,Temperatura,33.03260623757238
539,06/02/21 10:20:34,Temperatura,34.96515081235825
540,06/02/21 10:20:35,Temperatura,31.744840974299876
541,06/02/21 10:20:36,Temperatura,33.878029223290525
542,06/02/21 10:20:37,Temperatura,25.090430446599008
543,06/02/21 10:20:38,Temperatura,33.29287712829064
544,06/02/21 10:20:39,Temperatura,38.00177194656718
545,06/02/21 10:20:40,Temperatura,18.25477118227697
546,06/02/21 10:20:41,Temperatura,34.051213049080715
547,06/02/21 10:20:42,Temperatura,32.136570214461265
548,06/02/21 10:20:43,Temperatura,36.41194995726896
549,06/02/21 10:20:44,Temperatura,28.305672674572172
550,06/02/21 10:20:45,Temperatura,25.96956173176258
551,06/02/21 10:20:46,Temperatura,30.1960166232368
1,06/02/21 10:20:47,Maximo,44.65753104813636
1,06/02/21 10:20:47,Minimo,13.374698353869704
1,06/02/21 10:20:47,Promedio,29.965005854353777
1,06/02/21 10:20:47,Mediana,29.912464899005105
1,06/02/21 10:20:47,Desviacion,5.196606387609263
1,06/02/21 10:20:47,Varianza,27.004717947741398
552,06/02/21 10:20:47,Temperatura,29.288597139838114
553,06/02/21 10:20:48,Temperatura,28.714484953794774
554,06/02/21 10:20:49,Temperatura,24.831158222977006
1,06/02/21 10:20:50,Maximo,44.65753104813636
1,06/02/21 10:20:50,Minimo,13.374698353869704
1,06/02/21 10:20:50,Promedio,29.952283733189
1,06/02/21 10:20:50,Mediana,29.799499312267542
1,06/02/21 10:20:50,Desviacion,5.187457535154723
1,06/02/21 10:20:50,Varianza,26.90971567903352
555,06/02/21 10:20:50,Temperatura,20.78857060212338
556,06/02/21 10:20:51,Temperatura,35.12546433984407
557,06/02/21 10:20:52,Temperatura,30.527956734728722
1,06/02/21 10:20:53,Maximo,44.65753104813636
1,06/02/21 10:20:53,Minimo,13.374698353869704
1,06/02/21 10:20:53,Promedio,29.94616391325554
1,06/02/21 10:20:53,Mediana,29.85426223520966
1,06/02/21 10:20:53,Desviacion,5.192691676180265
1,06/02/21 10:20:53,Varianza,26.964046843871802
558,06/02/21 10:20:54,Temperatura,33.44712077992548
559,06/02/21 10:20:55,Temperatura,28.983533781548452
560,06/02/21 10:20:56,Temperatura,24.61595952180171
1,06/02/21 10:20:56,Maximo,44.65753104813636
1,06/02/21 10:20:56,Minimo,13.374698353869704
1,06/02/21 10:20:56,Promedio,29.94118730424218
1,06/02/21 10:20:56,Mediana,29.799499312267542
1,06/02/21 10:20:56,Desviacion,5.185939904256546
1,06/02/21 10:20:56,Varianza,26.893972690560396
561,06/02/21 10:20:57,Temperatura,19.28426479819855
562,06/02/21 10:20:58,Temperatura,45.757253469164894
1,06/02/21 10:20:59,Maximo,45.757253469164894
1,06/02/21 10:20:59,Minimo,13.374698353869704
1,06/02/21 10:20:59,Promedio,29.950350969710883
1,06/02/21 10:20:59,Mediana,29.799499312267542
1,06/02/21 10:20:59,Desviacion,5.23873897565152
1,06/02/21 10:20:59,Varianza,27.44438605501034
563,06/02/21 10:20:59,Temperatura,30.765213372796296
564,06/02/21 10:21:00,Temperatura,36.8974735734047
565,06/02/21 10:21:01,Temperatura,16.799924557646253
566,06/02/21 10:21:02,Temperatura,24.29192849552826
567,06/02/21 10:21:03,Temperatura,29.96567682307141
1,06/02/21 10:21:03,Maximo,45.757253469164894
1,06/02/21 10:21:03,Minimo,13.374698353869704
1,06/02/21 10:21:03,Promedio,29.93092924783394
1,06/02/21 10:21:03,Mediana,29.85426223520966
1,06/02/21 10:21:03,Desviacion,5.258268690550821
1,06/02/21 10:21:03,Varianza,27.649389622027048
568,06/02/21 10:21:04,Temperatura,26.89660060642599
569,06/02/21 10:21:05,Temperatura,23.856842914536042
1,06/02/21 10:21:06,Maximo,45.757253469164894
1,06/02/21 10:21:06,Minimo,13.374698353869704
1,06/02/21 10:21:06,Promedio,29.914949572439717
1,06/02/21 10:21:06,Mediana,29.79769226692833
1,06/02/21 10:21:06,Desviacion,5.2567099027388675
1,06/02/21 10:21:06,Varianza,27.63299900155287
570,06/02/21 10:21:06,Temperatura,29.291188406373514
571,06/02/21 10:21:07,Temperatura,30.62112123660391
1,06/02/21 10:21:07,Maximo,45.757253469164894
1,06/02/21 10:21:07,Minimo,13.374698353869704
1,06/02/21 10:21:07,Promedio,29.915093646737088
1,06/02/21 10:21:07,Mediana,29.79769226692833
1,06/02/21 10:21:07,Desviacion,5.2476596807401865
1,06/02/21 10:21:07,Varianza,27.53793212486619
572,06/02/21 10:21:08,Temperatura,32.493756516515646
573,06/02/21 10:21:09,Temperatura,26.04621485447761
1,06/02/21 10:21:10,Maximo,45.757253469164894
1,06/02/21 10:21:10,Minimo,13.374698353869704
1,06/02/21 10:21:10,Promedio,29.912845883805932
1,06/02/21 10:21:10,Mediana,29.79769226692833
1,06/02/21 10:21:10,Desviacion,5.242102405691635
1,06/02/21 10:21:10,Varianza,27.479637631758024
574,06/02/21 10:21:10,Temperatura,24.410379505694735
575,06/02/21 10:21:11,Temperatura,23.072843716549087
576,06/02/21 10:21:12,Temperatura,36.172092186564015
577,06/02/21 10:21:13,Temperatura,26.550849673428388
578,06/02/21 10:21:14,Temperatura,23.325509618829123
1,06/02/21 10:21:14,Maximo,45.757253469164894
1,06/02/21 10:21:14,Minimo,13.374698353869704
1,06/02/21 10:21:14,Promedio,29.885155806572843
1,06/02/21 10:21:14,Mediana,29.7958242816746
1,06/02/21 10:21:14,Desviacion,5.247551449028444
1,06/02/21 10:21:14,Varianza,27.536796210200528
579,06/02/21 10:21:15,Temperatura,30.188685008140734
580,06/02/21 10:21:16,Temperatura,32.717392062305606
1,06/02/21 10:21:16,Maximo,45.757253469164894
1,06/02/21 10:21:16,Minimo,13.374698353869704
1,06/02/21 10:21:16,Promedio,29.890552993246335
1,06/02/21 10:21:16,Mediana,29.79588522158912
1,06/02/21 10:21:16,Desviacion,5.23984170471757
1,06/02/21 10:21:16,Varianza,27.455941090497525
581,06/02/21 10:21:17,Temperatura,25.142329325807562
582,06/02/21 10:21:18,Temperatura,32.48797183018474
583,06/02/21 10:21:19,Temperatura,23.630001158051208
584,06/02/21 10:21:20,Temperatura,36.617288049586094
585,06/02/21 10:21:21,Temperatura,26.52598106891199
586,06/02/21 10:21:22,Temperatura,36.53815947711686
587,06/02/21 10:21:23,Temperatura,32.25502640756972
588,06/02/21 10:21:24,Temperatura,22.173278114706143
589,06/02/21 10:21:25,Temperatura,25.95845179572953
590,06/02/21 10:21:26,Temperatura,28.72037585243008
591,06/02/21 10:21:27,Temperatura,31.662672841751462
592,06/02/21 10:21:28,Temperatura,32.782974862765194
593,06/02/21 10:21:29,Temperatura,25.908656917970763
594,06/02/21 10:21:30,Temperatura,25.523968144099904
595,06/02/21 10:21:31,Temperatura,41.32107496712038
596,06/02/21 10:21:32,Temperatura,23.214641448186153
597,06/02/21 10:21:33,Temperatura,24.975608124988874
598,06/02/21 10:21:34,Temperatura,34.0616335761858
599,06/02/21 10:21:35,Temperatura,31.67263922496873
600,06/02/21 10:21:36,Temperatura,26.36085962582628
601,06/02/21 10:21:37,Temperatura,19.534481547770536
602,06/02/21 10:21:38,Temperatura,34.3831652277799
603,06/02/21 10:21:39,Temperatura,34.533084188979764
604,06/02/21 10:21:40,Temperatura,28.955808563432434
605,06/02/21 10:21:41,Temperatura,30.80959197184624
606,06/02/21 10:21:42,Temperatura,35.01461012743085
607,06/02/21 10:21:43,Temperatura,22.66629855705945
608,06/02/21 10:21:44,Temperatura,36.0212194323625
609,06/02/21 10:21:45,Temperatura,39.25693560631565
610,06/02/21 10:21:46,Temperatura,25.293709872181374
611,06/02/21 10:21:47,Temperatura,28.57798375069187
612,06/02/21 10:21:48,Temperatura,28.89409817144461
613,06/02/21 10:21:49,Temperatura,32.68301651100085
614,06/02/21 10:21:50,Temperatura,32.6098017845562
615,06/02/21 10:21:51,Temperatura,26.735035953981654
616,06/02/21 10:21:52,Temperatura,35.3666307848504
617,06/02/21 10:21:53,Temperatura,31.142176549675796
618,06/02/21 10:21:54,Temperatura,26.485134093183355
619,06/02/21 10:21:55,Temperatura,32.185566427054255
620,06/02/21 10:21:56,Temperatura,25.440071244863695
621,06/02/21 10:21:57,Temperatura,24.666401589909604
622,06/02/21 10:21:58,Temperatura,32.342138508500454
623,06/02/21 10:21:59,Temperatura,27.47719672114781
624,06/02/21 10:22:01,Temperatura,33.41103842794388
625,06/02/21 10:22:02,Temperatura,28.370317374536977
626,06/02/21 10:22:03,Temperatura,27.57825404560876
627,06/02/21 10:22:04,Temperatura,30.926756748576242
628,06/02/21 10:22:05,Temperatura,24.48049673818332
629,06/02/21 10:22:06,Temperatura,31.1552273434616
630,06/02/21 10:22:07,Temperatura,28.817673657947932
631,06/02/21 10:22:08,Temperatura,29.73875088691417
632,06/02/21 10:22:09,Temperatura,29.571835537434378
633,06/02/21 10:22:10,Temperatura,36.69771790312071
634,06/02/21 10:22:11,Temperatura,32.770107723465784
635,06/02/21 10:22:12,Temperatura,19.749130608983926
636,06/02/21 10:22:13,Temperatura,27.98516916766134
637,06/02/21 10:22:14,Temperatura,29.213874591846164
638,06/02/21 10:22:15,Temperatura,30.81674241535899
639,06/02/21 10:22:16,Temperatura,26.501324883665625
640,06/02/21 10:22:17,Temperatura,26.508152276905562
641,06/02/21 10:22:18,Temperatura,28.511568052959973
642,06/02/21 10:22:19,Temperatura,33.61109642122866
643,06/02/21 10:22:20,Temperatura,23.365250616364197
644,06/02/21 10:22:21,Temperatura,23.31433662030367
645,06/02/21 10:22:22,Temperatura,23.551479043652417
646,06/02/21 10:22:23,Temperatura,29.204858196979732
647,06/02/21 10:22:24,Temperatura,26.33726230222144
648,06/02/21 10:22:25,Temperatura,28.10158278992182
649,06/02/21 10:22:26,Temperatura,44.69617679506314
650,06/02/21 10:22:27,Temperatura,23.23274633645444
651,06/02/21 10:22:28,Temperatura,35.96910220626176
652,06/02/21 10:22:29,Temperatura,24.09646212514929
653,06/02/21 10:22:30,Temperatura,29.809105895473103
654,06/02/21 10:22:31,Temperatura,28.31420702788441
655,06/02/21 10:22:32,Temperatura,24.968319759608974
656,06/02/21 10:22:33,Temperatura,33.314401731967926
657,06/02/21 10:22:34,Temperatura,26.354069891777442
658,06/02/21 10:22:35,Temperatura,29.804654904866638
659,06/02/21 10:22:36,Temperatura,26.62275809704105
660,06/02/21 10:22:37,Temperatura,37.87827563127188
661,06/02/21 10:22:38,Temperatura,26.47335024008588
662,06/02/21 10:22:39,Temperatura,24.440323001600166
663,06/02/21 10:22:40,Temperatura,28.006762593323245
664,06/02/21 10:22:41,Temperatura,25.447469245191687
665,06/02/21 10:22:42,Temperatura,31.43914169449012
666,06/02/21 10:22:43,Temperatura,36.735752185528476
667,06/02/21 10:22:44,Temperatura,30.765781033711633
668,06/02/21 10:22:45,Temperatura,35.54675945258933
669,06/02/21 10:22:46,Temperatura,30.98682807919895
670,06/02/21 10:22:47,Temperatura,22.75149569391489
671,06/02/21 10:22:48,Temperatura,25.290024013785185
672,06/02/21 10:22:49,Temperatura,33.56209065629961
673,06/02/21 10:22:50,Temperatura,30.188385052219903
674,06/02/21 10:22:51,Temperatura,30.403056388055898
675,06/02/21 10:22:52,Temperatura,30.799691056626866
676,06/02/21 10:22:53,Temperatura,28.740999692444078
677,06/02/21 10:22:54,Temperatura,27.93187750743823
678,06/02/21 10:22:55,Temperatura,27.143352729868603
679,06/02/21 10:22:56,Temperatura,29.563173285793056
680,06/02/21 10:22:57,Temperatura,23.2418574695564
681,06/02/21 10:22:58,Temperatura,34.96977699105072
682,06/02/21 10:22:59,Temperatura,28.154173772572463
683,06/02/21 10:23:00,Temperatura,30.575206800387427
684,06/02/21 10:23:01,Temperatura,31.686454487637274
685,06/02/21 10:23:02,Temperatura,35.62205300732919
686,06/02/21 10:23:03,Temperatura,24.97847244055678
687,06/02/21 10:23:04,Temperatura,23.156973599953258
688,06/02/21 10:23:05,Temperatura,28.517907747440983
689,06/02/21 10:23:06,Temperatura,38.61417533096541
690,06/02/21 10:23:07,Temperatura,24.355291071842814
691,06/02/21 10:23:09,Temperatura,29.355229094756396
692,06/02/21 10:23:10,Temperatura,30.913303236037752
693,06/02/21 10:23:11,Temperatura,26.624847791195922
694,06/02/21 10:23:12,Temperatura,26.637087928954063
695,06/02/21 10:23:13,Temperatura,34.52443824249466
696,06/02/21 10:23:14,Temperatura,25.099932867703252
697,06/02/21 10:23:15,Temperatura,26.634371722096816
698,06/02/21 10:23:16,Temperatura,27.432074120720134
699,06/02/21 10:23:17,Temperatura,24.796979569680474
700,06/02/21 10:23:18,Temperatura,22.788397268180958
701,06/02/21 10:23:19,Temperatura,30.10479778166667
702,06/02/21 10:23:20,Temperatura,24.747846080275135
703,06/02/21 10:23:21,Temperatura,25.09464313848061
704,06/02/21 10:23:22,Temperatura,25.344540642860412
705,06/02/21 10:23:23,Temperatura,31.664626808872338
706,06/02/21 10:23:24,Temperatura,20.451343741028282
707,06/02/21 10:23:25,Temperatura,22.520995626111933
708,06/02/21 10:23:26,Temperatura,32.06924213056712
709,06/02/21 10:23:27,Temperatura,24.7852660469619
710,06/02/21 10:23:28,Temperatura,26.63932380347223
711,06/02/21 10:23:29,Temperatura,34.1396730495786
712,06/02/21 10:23:30,Temperatura,25.5762532618299
713,06/02/21 10:23:31,Temperatura,20.265020095405376
714,06/02/21 10:23:32,Temperatura,26.747453017428516
715,06/02/21 10:23:33,Temperatura,33.018026086688316
716,06/02/21 10:23:34,Temperatura,28.033806951437796
717,06/02/21 10:23:35,Temperatura,36.54246300855388
718,06/02/21 10:23:36,Temperatura,30.51856909149384
719,06/02/21 10:23:37,Temperatura,36.35835881870335
720,06/02/21 10:23:38,Temperatura,33.8242732703976
721,06/02/21 10:23:39,Temperatura,28.32105260286335
722,06/02/21 10:23:40,Temperatura,32.535594115815606
723,06/02/21 10:23:41,Temperatura,29.356971878268293
724,06/02/21 10:23:42,Temperatura,31.01523417229753
725,06/02/21 10:23:43,Temperatura,25.41077933612143
726,06/02/21 10:23:44,Temperatura,19.908227957316843
727,06/02/21 10:23:45,Temperatura,24.197121667123813
728,06/02/21 10:23:46,Temperatura,27.65203024410695
729,06/02/21 10:23:47,Temperatura,34.99249795139998
730,06/02/21 10:23:48,Temperatura,23.005956085486655
731,06/02/21 10:23:49,Temperatura,19.30184864138411
732,06/02/21 10:23:50,Temperatura,37.509187822966254
733,06/02/21 10:23:51,Temperatura,27.335845338775457
734,06/02/21 10:23:52,Temperatura,36.82250671635842
735,06/02/21 10:23:53,Temperatura,32.792531541289485
736,06/02/21 10:23:54,Temperatura,35.22275989558853
737,06/02/21 10:23:55,Temperatura,29.753175963861707
738,06/02/21 10:23:56,Temperatura,31.314592535129634
739,06/02/21 10:23:57,Temperatura,28.24774518321826
740,06/02/21 10:23:58,Temperatura,22.69460653779836
741,06/02/21 10:23:59,Temperatura,29.32007710185767
742,06/02/21 10:24:00,Temperatura,33.86078720750581
743,06/02/21 10:24:01,Temperatura,22.190369869267354
744,06/02/21 10:24:02,Temperatura,29.861808388735835
745,06/02/21 10:24:03,Temperatura,35.63302458011463
746,06/02/21 10:24:04,Temperatura,36.248231009102234
747,06/02/21 10:24:05,Temperatura,28.191308043611304
748,06/02/21 10:24:06,Temperatura,30.55926580237673
749,06/02/21 10:24:07,Temperatura,38.75555871931402
750,06/02/21 10:24:08,Temperatura,28.834547862254773
751,06/02/21 10:24:09,Temperatura,23.317332527840406
752,06/02/21 10:24:10,Temperatura,27.50464536591611
753,06/02/21 10:24:11,Temperatura,21.697131085169385
754,06/02/21 10:24:12,Temperatura,34.18767739924624
755,06/02/21 10:24:13,Temperatura,34.09498056601051
756,06/02/21 10:24:14,Temperatura,38.649367295096084
757,06/02/21 10:24:15,Temperatura,33.16364983618708
758,06/02/21 10:24:16,Temperatura,28.867150727799526
759,06/02/21 10:24:17,Temperatura,38.95522583083656
760,06/02/21 10:24:18,Temperatura,30.25237899676295
761,06/02/21 10:24:19,Temperatura,30.49414843540569
762,06/02/21 10:24:20,Temperatura,26.410939006470844
763,06/02/21 10:24:21,Temperatura,18.640662020357016
764,06/02/21 10:24:22,Temperatura,29.95068799631853
765,06/02/21 10:24:23,Temperatura,40.609060100931345
766,06/02/21 10:24:24,Temperatura,30.66576675300085
767,06/02/21 10:24:25,Temperatura,36.97721999743188
768,06/02/21 10:24:27,Temperatura,28.71210026974475
769,06/02/21 10:24:28,Temperatura,31.84561195656099
770,06/02/21 10:24:29,Temperatura,21.84388703226328
771,06/02/21 10:24:30,Temperatura,32.1119178084312
772,06/02/21 10:24:31,Temperatura,32.477034177300055
773,06/02/21 10:24:32,Temperatura,27.407377697785645
774,06/02/21 10:24:33,Temperatura,29.13895599358996
775,06/02/21 10:24:34,Temperatura,36.72006585044998
776,06/02/21 10:24:35,Temperatura,28.732100484243908
777,06/02/21 10:24:36,Temperatura,29.034031119436154
778,06/02/21 10:24:37,Temperatura,30.152291617529876
779,06/02/21 10:24:38,Temperatura,24.86440008060976
780,06/02/21 10:24:39,Temperatura,23.892419715460477
781,06/02/21 10:24:40,Temperatura,27.520065554535662
782,06/02/21 10:24:41,Temperatura,36.76741236571202
783,06/02/21 10:24:42,Temperatura,26.702235722463826
784,06/02/21 10:24:43,Temperatura,27.28505580235648
785,06/02/21 10:24:44,Temperatura,36.525952214809614
786,06/02/21 10:24:45,Temperatura,30.725323627070345
787,06/02/21 10:24:46,Temperatura,34.097716566642426
788,06/02/21 10:24:47,Temperatura,26.536158370974803
789,06/02/21 10:24:48,Temperatura,32.19174567621178
790,06/02/21 10:24:49,Temperatura,32.51022157871812
791,06/02/21 10:24:50,Temperatura,27.614810438737102
1,06/02/21 10:24:51,Maximo,45.757253469164894
1,06/02/21 10:24:51,Minimo,13.374698353869704
1,06/02/21 10:24:51,Promedio,29.7656607637664
1,06/02/21 10:24:51,Mediana,29.66500799267363
1,06/02/21 10:24:51,Desviacion,5.12750054667438
1,06/02/21 10:24:51,Varianza,26.29126185614607
792,06/02/21 10:24:51,Temperatura,29.83484423602981
793,06/02/21 10:24:52,Temperatura,33.93603404191278
794,06/02/21 10:24:53,Temperatura,33.18095297661416
795,06/02/21 10:24:54,Temperatura,23.273580462074783
1,06/02/21 10:24:55,Maximo,45.757253469164894
1,06/02/21 10:24:55,Minimo,13.374698353869704
1,06/02/21 10:24:55,Promedio,29.767121528416606
1,06/02/21 10:24:55,Mediana,29.67322865111231
1,06/02/21 10:24:55,Desviacion,5.1233387819626515
1,06/02/21 10:24:55,Varianza,26.24860027476255
796,06/02/21 10:24:55,Temperatura,26.101412363097985
797,06/02/21 10:24:56,Temperatura,27.160613906055648
798,06/02/21 10:24:57,Temperatura,25.269616610701355
799,06/02/21 10:24:58,Temperatura,38.28734616068242
800,06/02/21 10:24:59,Temperatura,29.738697582854876
1,06/02/21 10:24:59,Maximo,45.757253469164894
1,06/02/21 10:24:59,Minimo,13.374698353869704
1,06/02/21 10:24:59,Promedio,29.764277681951327
1,06/02/21 10:24:59,Mediana,29.67005344688217
1,06/02/21 10:24:59,Desviacion,5.121121379679441
1,06/02/21 10:24:59,Varianza,26.225884185409864
801,06/02/21 10:25:00,Temperatura,34.31724527888701
802,06/02/21 10:25:01,Temperatura,24.45934865924033
803,06/02/21 10:25:02,Temperatura,27.993896678798425
804,06/02/21 10:25:03,Temperatura,20.507372879305457
1,06/02/21 10:25:03,Maximo,45.757253469164894
1,06/02/21 10:25:03,Minimo,13.374698353869704
1,06/02/21 10:25:03,Promedio,29.749645076694716
1,06/02/21 10:25:03,Mediana,29.65996253846509
1,06/02/21 10:25:03,Desviacion,5.1250762385160735
1,06/02/21 10:25:03,Varianza,26.266406450602066
805,06/02/21 10:25:04,Temperatura,28.46604485434199
806,06/02/21 10:25:05,Temperatura,32.25950889500237
807,06/02/21 10:25:06,Temperatura,28.373083393413758
808,06/02/21 10:25:07,Temperatura,32.97055506339681
809,06/02/21 10:25:08,Temperatura,28.46860602518224
1,06/02/21 10:25:08,Maximo,45.757253469164894
1,06/02/21 10:25:08,Minimo,13.374698353869704
1,06/02/21 10:25:08,Promedio,29.751854425889608
1,06/02/21 10:25:08,Mediana,29.640448974146544
1,06/02/21 10:25:08,Desviacion,5.111873195494759
1,06/02/21 10:25:08,Varianza,26.1312475668178
810,06/02/21 10:25:09,Temperatura,27.53892002706045
811,06/02/21 10:25:10,Temperatura,43.26370162149496
812,06/02/21 10:25:11,Temperatura,29.9510000130321
813,06/02/21 10:25:12,Temperatura,23.782974238725398
814,06/02/21 10:25:13,Temperatura,29.578159481069676
815,06/02/21 10:25:14,Temperatura,21.646498580246107
816,06/02/21 10:25:15,Temperatura,35.25620300406192
817,06/02/21 10:25:16,Temperatura,30.00804310696415
818,06/02/21 10:25:17,Temperatura,26.804141173401504
819,06/02/21 10:25:18,Temperatura,37.90603204475045
820,06/02/21 10:25:19,Temperatura,24.190574688150697
1,06/02/21 10:25:19,Maximo,45.757253469164894
1,06/02/21 10:25:19,Minimo,13.374698353869704
1,06/02/21 10:25:19,Promedio,29.75508932149761
1,06/02/21 10:25:19,Mediana,29.620935409827997
1,06/02/21 10:25:19,Desviacion,5.128273486311227
1,06/02/21 10:25:20,Varianza,26.29918895040271
821,06/02/21 10:25:20,Temperatura,32.31022482745723
822,06/02/21 10:25:21,Temperatura,26.27985599863535
823,06/02/21 10:25:22,Temperatura,28.772678619245205
824,06/02/21 10:25:23,Temperatura,38.4959717703925
825,06/02/21 10:25:24,Temperatura,34.54702106585785
826,06/02/21 10:25:25,Temperatura,26.59699555203165
827,06/02/21 10:25:26,Temperatura,27.959300437484615
828,06/02/21 10:25:27,Temperatura,31.535683393518205
829,06/02/21 10:25:28,Temperatura,28.33195616258869
830,06/02/21 10:25:29,Temperatura,38.156859077834184
831,06/02/21 10:25:30,Temperatura,23.96729476430444
832,06/02/21 10:25:31,Temperatura,30.53946027030035
833,06/02/21 10:25:32,Temperatura,36.051453867383145
834,06/02/21 10:25:33,Temperatura,33.45862486465064
835,06/02/21 10:25:34,Temperatura,38.74990638333626
836,06/02/21 10:25:35,Temperatura,38.822154448690384
837,06/02/21 10:25:36,Temperatura,28.612888248720523
838,06/02/21 10:25:38,Temperatura,30.63678997734229
839,06/02/21 10:25:39,Temperatura,35.24067622525379
840,06/02/21 10:25:40,Temperatura,33.94339052457984
841,06/02/21 10:25:41,Temperatura,36.90788343622399
842,06/02/21 10:25:42,Temperatura,31.424845214084627
843,06/02/21 10:25:43,Temperatura,31.015722771603787
844,06/02/21 10:25:44,Temperatura,35.748164375026214
845,06/02/21 10:25:45,Temperatura,26.77539724050495
846,06/02/21 10:25:46,Temperatura,36.172989569568024
847,06/02/21 10:25:47,Temperatura,28.357554913984618
848,06/02/21 10:25:48,Temperatura,20.76887816030227
849,06/02/21 10:25:49,Temperatura,28.858144417590697
850,06/02/21 10:25:50,Temperatura,26.66691362236205
851,06/02/21 10:25:51,Temperatura,28.49320898199039
852,06/02/21 10:25:52,Temperatura,28.884512779475273
853,06/02/21 10:25:53,Temperatura,38.4694584828109
854,06/02/21 10:25:54,Temperatura,33.23629590579175
855,06/02/21 10:25:55,Temperatura,28.602735946282582
856,06/02/21 10:25:56,Temperatura,34.88584237946788
857,06/02/21 10:25:57,Temperatura,23.390398028877673
858,06/02/21 10:25:58,Temperatura,21.00565238750645
859,06/02/21 10:25:59,Temperatura,29.363855470409092
860,06/02/21 10:26:00,Temperatura,27.09909430983516
861,06/02/21 10:26:01,Temperatura,38.11263172029545
862,06/02/21 10:26:02,Temperatura,29.616381803830365
863,06/02/21 10:26:03,Temperatura,33.144878927696226
864,06/02/21 10:26:04,Temperatura,27.685984253882648
865,06/02/21 10:26:05,Temperatura,37.20768573557782
866,06/02/21 10:26:06,Temperatura,31.752233810665317
867,06/02/21 10:26:07,Temperatura,27.976414085840563
868,06/02/21 10:26:08,Temperatura,30.91805044322619
869,06/02/21 10:26:09,Temperatura,43.51225829549733
870,06/02/21 10:26:10,Temperatura,22.018485528656466
871,06/02/21 10:26:11,Temperatura,35.049554358121604
872,06/02/21 10:26:12,Temperatura,34.75105554715689
873,06/02/21 10:26:13,Temperatura,36.48678406707798
874,06/02/21 10:26:14,Temperatura,25.18712940018051
875,06/02/21 10:26:15,Temperatura,21.241799466089823
876,06/02/21 10:26:16,Temperatura,32.00693363431093
877,06/02/21 10:26:17,Temperatura,26.061142182771015
878,06/02/21 10:26:18,Temperatura,33.82880370787104
879,06/02/21 10:26:19,Temperatura,33.95108466124402
880,06/02/21 10:26:20,Temperatura,33.80578738591758
881,06/02/21 10:26:21,Temperatura,33.41814093544304
882,06/02/21 10:26:22,Temperatura,32.41448759779866
883,06/02/21 10:26:23,Temperatura,40.97995906243695
884,06/02/21 10:26:24,Temperatura,35.204070573167236
885,06/02/21 10:26:25,Temperatura,25.045856706643484
886,06/02/21 10:26:26,Temperatura,35.72817305930301
887,06/02/21 10:26:27,Temperatura,27.635708380011142
888,06/02/21 10:26:28,Temperatura,38.79709705604232
889,06/02/21 10:26:29,Temperatura,29.46199928654058
890,06/02/21 10:26:30,Temperatura,26.9824023552709
891,06/02/21 10:26:31,Temperatura,41.93145223066888
892,06/02/21 10:26:32,Temperatura,38.91100190587362
893,06/02/21 10:26:33,Temperatura,35.91845878727568
894,06/02/21 10:26:34,Temperatura,34.64727903732162
895,06/02/21 10:26:35,Temperatura,24.644127543314987
896,06/02/21 10:26:36,Temperatura,34.61936635169511
897,06/02/21 10:26:37,Temperatura,27.131890969243834
898,06/02/21 10:26:38,Temperatura,30.824072719762317
899,06/02/21 10:26:39,Temperatura,32.7517896867834
900,06/02/21 10:26:40,Temperatura,22.728733869421298
901,06/02/21 10:26:41,Temperatura,33.186518874559354
902,06/02/21 10:26:42,Temperatura,25.30641004362427
903,06/02/21 10:26:43,Temperatura,30.32870513461724
904,06/02/21 10:26:44,Temperatura,33.998453686057566
905,06/02/21 10:26:45,Temperatura,32.09077022448942
906,06/02/21 10:26:46,Temperatura,30.350653504379736
907,06/02/21 10:26:47,Temperatura,29.606648079044106
908,06/02/21 10:26:48,Temperatura,39.3663765820971
909,06/02/21 10:26:49,Temperatura,31.1934635724717
910,06/02/21 10:26:51,Temperatura,33.397929214338276
911,06/02/21 10:26:52,Temperatura,32.4516551940935
912,06/02/21 10:26:53,Temperatura,31.424539610665597
913,06/02/21 10:26:54,Temperatura,31.990518484287374
914,06/02/21 10:26:55,Temperatura,33.39240014760836
915,06/02/21 10:26:56,Temperatura,29.521357503302674
916,06/02/21 10:26:57,Temperatura,29.536156668889557
917,06/02/21 10:26:58,Temperatura,29.255808344318197
918,06/02/21 10:26:59,Temperatura,26.65137134823097
919,06/02/21 10:27:00,Temperatura,28.161927235624184
920,06/02/21 10:27:01,Temperatura,31.201602103129083
921,06/02/21 10:27:02,Temperatura,38.15873091428972
922,06/02/21 10:27:03,Temperatura,32.450116278651805
923,06/02/21 10:27:04,Temperatura,32.98257583713846
924,06/02/21 10:27:05,Temperatura,22.789624593087527
925,06/02/21 10:27:06,Temperatura,28.385888375526854
926,06/02/21 10:27:07,Temperatura,28.63179333495417
927,06/02/21 10:27:08,Temperatura,27.974485588400388
928,06/02/21 10:27:09,Temperatura,29.386705489825665
929,06/02/21 10:27:10,Temperatura,35.24152335234156
930,06/02/21 10:27:11,Temperatura,39.711264144272576
931,06/02/21 10:27:12,Temperatura,28.062953290748897
932,06/02/21 10:27:13,Temperatura,34.44470004287961
933,06/02/21 10:27:14,Temperatura,33.49478565674082
934,06/02/21 10:27:15,Temperatura,34.8966120924125
935,06/02/21 10:27:16,Temperatura,41.40221532249969
936,06/02/21 10:27:17,Temperatura,24.02374816724546
937,06/02/21 10:27:18,Temperatura,33.64136359461528
938,06/02/21 10:27:19,Temperatura,32.49907553717791
939,06/02/21 10:27:20,Temperatura,37.92202462087081
940,06/02/21 10:27:21,Temperatura,24.23975524912936
941,06/02/21 10:27:22,Temperatura,24.169646148867898
942,06/02/21 10:27:23,Temperatura,39.03627358649676
943,06/02/21 10:27:24,Temperatura,32.20064090428397
944,06/02/21 10:27:25,Temperatura,32.53586538681069
945,06/02/21 10:27:26,Temperatura,33.25520148509838
946,06/02/21 10:27:27,Temperatura,30.555797048741493
947,06/02/21 10:27:28,Temperatura,28.971827304236637
948,06/02/21 10:27:29,Temperatura,33.50833203381896
949,06/02/21 10:27:30,Temperatura,31.051169757861686
950,06/02/21 10:27:31,Temperatura,38.24540299567336
951,06/02/21 10:27:32,Temperatura,34.961530091338595
952,06/02/21 10:27:33,Temperatura,34.479229847171524
953,06/02/21 10:27:34,Temperatura,36.13730635811842
954,06/02/21 10:27:35,Temperatura,30.309072893243677
955,06/02/21 10:27:36,Temperatura,33.037783510105086
956,06/02/21 10:27:37,Temperatura,32.193782018158146
957,06/02/21 10:27:38,Temperatura,34.70273987512356
958,06/02/21 10:27:39,Temperatura,38.34534130781255
959,06/02/21 10:27:40,Temperatura,23.105669548132017
960,06/02/21 10:27:41,Temperatura,36.250135357539676
961,06/02/21 10:27:42,Temperatura,35.063094913946024
962,06/02/21 10:27:43,Temperatura,28.062837247666767
963,06/02/21 10:27:44,Temperatura,31.014391974107316
964,06/02/21 10:27:45,Temperatura,31.6941827264512
965,06/02/21 10:27:46,Temperatura,30.870988657969182
966,06/02/21 10:27:47,Temperatura,31.76443036529362
967,06/02/21 10:27:48,Temperatura,30.499412208119885
968,06/02/21 10:27:49,Temperatura,28.573127630558684
969,06/02/21 10:27:50,Temperatura,33.84962645146038
970,06/02/21 10:27:51,Temperatura,37.00412216673665
971,06/02/21 10:27:52,Temperatura,33.58358441641155
972,06/02/21 10:27:53,Temperatura,31.41603276413894
973,06/02/21 10:27:54,Temperatura,26.83986904081556
974,06/02/21 10:27:55,Temperatura,36.88747287434317
975,06/02/21 10:27:56,Temperatura,24.055035632811112
976,06/02/21 10:27:57,Temperatura,24.84525285260976
977,06/02/21 10:27:58,Temperatura,28.954444651085034
978,06/02/21 10:27:59,Temperatura,27.11831017964448
979,06/02/21 10:28:00,Temperatura,30.965148711630953
980,06/02/21 10:28:01,Temperatura,30.056862463495257
981,06/02/21 10:28:02,Temperatura,26.23253956316596
982,06/02/21 10:28:03,Temperatura,25.886948388105452
983,06/02/21 10:28:04,Temperatura,31.057554896929474
984,06/02/21 10:28:05,Temperatura,37.19745131125038
985,06/02/21 10:28:06,Temperatura,35.198622349124335
986,06/02/21 10:28:07,Temperatura,38.852505710117555
987,06/02/21 10:28:09,Temperatura,24.497607732296302
988,06/02/21 10:28:10,Temperatura,37.35742942510608
989,06/02/21 10:28:11,Temperatura,36.889880680992775
990,06/02/21 10:28:12,Temperatura,30.56301940338756
991,06/02/21 10:28:13,Temperatura,31.633368049178642
992,06/02/21 10:28:14,Temperatura,25.85498948100895
993,06/02/21 10:28:15,Temperatura,30.076439226846738
994,06/02/21 10:28:16,Temperatura,35.2408853191893
995,06/02/21 10:28:17,Temperatura,22.686063852062368
996,06/02/21 10:28:18,Temperatura,36.883691800815356
997,06/02/21 10:28:19,Temperatura,26.123585649249392
998,06/02/21 10:28:20,Temperatura,22.783828996023683
999,06/02/21 10:28:21,Temperatura,24.3688962813916
1,06/02/21 10:30:24,Maximo,45.757253469164894
1,06/02/21 10:30:24,Minimo,13.374698353869704
1,06/02/21 10:30:24,Promedio,30.064465705495582
1,06/02/21 10:30:24,Mediana,29.950844004675314
1,06/02/21 10:30:24,Desviacion,5.105440553986991
1,06/02/21 10:30:24,Varianza,26.065523250294994
1,06/02/21 10:30:28,Maximo,45.757253469164894
1,06/02/21 10:30:28,Minimo,13.374698353869704
1,06/02/21 10:30:28,Promedio,30.064465705495582
1,06/02/21 10:30:28,Mediana,29.950844004675314
1,06/02/21 10:30:28,Desviacion,5.105440553986991
1,06/02/21 10:30:28,Varianza,26.065523250294994
1,06/02/21 10:30:33,Maximo,45.757253469164894
1,06/02/21 10:30:33,Minimo,13.374698353869704
1,06/02/21 10:30:33,Promedio,30.064465705495582
1,06/02/21 10:30:33,Mediana,29.950844004675314
1,06/02/21 10:30:33,Desviacion,5.105440553986991
1,06/02/21 10:30:33,Varianza,26.065523250294994
